metric,value,significant
Alpha (月度),9.297485177684623e-05,False
Alpha t值,0.01019124717619288,False
Alpha p值,0.9918687019778609,False
MKT Beta,1.0084384422572872,True
SMB Beta,0.3361579712292488,False
VMG Beta,-0.18615932023169013,False
R²,0.5610610820538713,
年化Alpha,0.0011162689234962553,
