alpha_monthly,alpha_annual,alpha_t,alpha_p,mkt_beta,smb_beta,vmg_beta,r_squared,adj_r_squared
0.00698115942126298,0.08377391305515576,2.263581723234912,0.02359985300894785,0.0802625266934283,-0.09919898989224543,0.13075567247699552,0.026624957844624153,0.017144032109344454
