alpha_monthly,alpha_annual,alpha_t,alpha_p,mkt_beta,smb_beta,vmg_beta,r_squared,adj_r_squared,factor_source,universe
0.010826968025144273,0.12992361630173127,3.8530023042010724,0.00011667829203188745,1.0369777837596943,0.8451546587521519,-0.44703556915901627,0.8570148116929575,0.8551894688635059,"CH3_factors_monthly_202602.xlsx (中国三因子, VMG基于EP)",全市场股票池
