window,train_period,test_period,best_ep_weight,best_top_k,train_sharpe,train_return,test_sharpe,test_return,sharpe_decay,return_decay,overfitting_risk
1,Window 1,OOS 1,0.5,100,0.724507122951685,0.20893885590630523,0.5963222059997404,0.20986005016262627,-0.1281849169519446,0.0009211942563210201,中等
2,Window 2,OOS 2,0.3,50,0.6918561938300207,0.30084122278452213,0.4653859431081395,0.21983443049739623,-0.2264702507218812,-0.0810067922871259,高
3,Window 3,OOS 3,0.5,150,0.6862943407349051,0.06693758042737616,0.3683009141338625,-0.01555392074226275,-0.31799342660104263,-0.08249150116963891,高
